id,title,genre,year,users_rating
100001,#FriendButMarried 2,Biography,2020,6.5
100002,4 Mantan,Thriller,2020,6.4
100003,Aku Tahu Kapan Kamu Mati,Horror,2020,5.4
100004,Anak Garuda,Adventure,2020,9.1
100005,Dignitate,Drama,2020,7.6
100006,Guru-Guru Gokil,Comedy,2020,6.1
100007,Hunter in the Blue Side of Manchester,Biography,2020,6.2
100008,Janin,Horror,2020,6.1
100009,Mangkujiwo,Horror,2020,5.9
100010,Mariposa,Drama,2020,8.5
100011,May the Devil Take You: Chapter Two,Horror,2020,6.3
100012,Milea,Drama,2020,6.1
100013,Nanti Kita Cerita Tentang Hari Ini,Drama,2020,7.5
100014,Nikah Yuk,Drama,2020,6.9
100015,Rasuk 2,Horror,2020,6.4
100016,Si Doel the Movie 3,Drama,2020,7.2
100017,Surat dari Kematian,Horror,2020,6.2
100018,Temen Kondangan,Comedy,2020,6.0
100019,Titus: Mystery of the Enygma,Animation,2020,6.2
100020,Toko Barang Mantan,Comedy,2020,6.3
100021,#Malam Jumat: The Movie,Horror,2019,5.3
100022,#MoveOnAja,Comedy,2019,6.3
100023,27 Steps of May,Drama,2019,8.2
100024,99 Nama Cinta,Drama,2019,8.0
100025,Abracadabra,Comedy,2019,5.9
100026,After Met You,Drama,2019,7.8
100027,Ajari Aku Islam,Drama,2019,7.1
100028,Ambu,Drama,2019,7.8
100029,Anak Hoki,Drama,2019,4.7
100030,Anak Muda Palsu,Comedy,2019,8.8
100031,Antologi Rasa,Drama,2019,7.2
100032,Arwah Noni Belanda,Horror,2019,6.2
100033,Bebas,Comedy,2019,7.3
100034,Bike Boyz,Comedy,2019,7.2
100035,Bridezilla,Comedy,2019,6.0
100036,Bumi Itu Bulat,Drama,2019,7.3
100037,Calon Bini,Comedy,2019,7.0
100038,Danur 3: Sunyaruri,Horror,2019,4.7
100039,Darah Daging,Action,2019,7.2
100040,Death Whisper,Horror,2019,6.4
100041,Dilan 1991,Drama,2019,6.6
100042,Doremi & You,Drama,2019,7.8
100043,DreadOut,Adventure,2019,5.3
100044,Dua Garis Biru,Drama,2019,8.0
100045,Eggnoid,Drama,2019,6.2
100046,Ghost Writer,Comedy,2019,6.8
100047,Gundala,Action,2019,6.5
100048,Habibie & Ainun 3,Biography,2019,7.0
100049,Hayya: The Power of Love 2,Drama,2019,5.0
100050,Hiruk-Pikuk Si Al-Kisah,Drama,2019,6.5
100051,Hit & Run,Action,2019,6.2
100052,Homecoming,Drama,2019,7.5
100053,Horas Amang: Tiga Bulan Untuk Selamanya,Comedy,2019,9.4
100054,Humba Dreams,Drama,2019,7.0
100055,Ikut Aku ke Neraka,Horror,2019,5.8
100056,Imperfect,Comedy,2019,7.8
100057,Impetigore,Drama,2019,6.9
100058,Iqro: My Universe,Drama,2019,6.6
100059,Jeritan Malam,Horror,2019,6.5
100060,Kajeng Kliwon  Nightmare in Bali,Horror,2019,4.5
100061,Kapal Goyang Kapten,Comedy,2019,6.6
100062,Kelam,Horror,2019,4.5
100063,Kembalinya Anak Iblis,Horror,2019,5.0
100064,Koboy Kampus,Comedy,2019,5.8
100065,Koki-Koki Cilik 2,Drama,2019,6.8
100066,Kuambil Lagi Hatiku,Drama,2019,8.4
100067,Kuntilanak 2,Horror,2019,4.8
100068,Kutuk,Horror,2019,6.4
100069,Lagi-Lagi Ateng,Comedy,2019,5.9
100070,Lampor: Keranda Terbang,Drama,2019,6.7
100071,Laundry Show,Comedy,2019,7.4
100072,Leak (Penangkeb),Horror,2019,7.8
100073,Lorong,Horror,2019,5.4
100074,Love Is Blind,Comedy,2019,6.0
100075,Love for Sale 2,Drama,2019,7.0
100076,Lukisan Ratu Kidul,Horror,2019,6.5
100077,Mahasiswi Baru,Comedy,2019,5.9
100078,Makmum,Horror,2019,4.3
100079,Mantan Manten,Drama,2019,7.1
100080,Mata Batin 2,Drama,2019,5.5
100081,MatiAnak,Horror,2019,6.9
100082,Matt & Mou,Comedy,2019,7.5
100083,Mekah I'm Coming,Comedy,2019,7.3
100084,MeloDylan,Drama,2019,7.0
100085,Mendadak Kaya,Comedy,2019,6.1
100086,My Stupid Boss 2,Adventure,2019,6.6
100087,Nightmare Side: Delusional,Horror,2019,5.0
100088,Orang Kaya Baru,Comedy,2019,6.4
100089,PSP: Gaya Mahasiswa,Comedy,2019,5.5
100090,Pariban: Idola dari Tanah Jawa,Comedy,2019,7.2
100091,Perjanjian dengan Iblis,Horror,2019,5.3
100092,Pintu Merah,Horror,2019,6.3
100093,Pocong the Origin,Adventure,2019,5.9
100094,Pohon Terkenal,Drama,2019,8.1
100095,Preman Pensiun,Comedy,2019,7.0
100096,Pretty Boys,Comedy,2019,6.8
100097,Ratu Ilmu Hitam,Horror,2019,6.8
100098,Rembulan Tenggelam di Wajahmu,Drama,2019,5.9
100099,Reva: Guna Guna,Horror,2019,4.9
100100,Ritual,Horror,2019,4.9
100101,Roh Fasik,Horror,2019,6.5
100102,Roy Kiyoshi: The Untold Story,Horror,2019,2.0
100103,Rumah Kentang: The Beginning,Drama,2019,5.1
100104,Rumah Merah Putih,Drama,2019,7.8
100105,Rumput Tetangga,Comedy,2019,7.5
100106,Sabyan Menjemput Mimpi,Drama,2019,5.7
100107,Satu Suro,Horror,2019,6.3
100108,Say I Love You,Drama,2019,7.3
100109,Sekte,Horror,2019,6.3
100110,Senior,Drama,2019,8.1
100111,Si Doel the Movie 2,Drama,2019,7.0
100112,Si Manis Jembatan Ancol,Horror,2019,5.6
100113,Sin,Drama,2019,7.8
100114,Single 2,Comedy,2019,7.2
100115,Susi Susanti: Love All,Biography,2019,7.5
100116,Tabu: Mengusik Gerbang Iblis,Horror,2019,5.6
100117,Tembang Lingsir,Horror,2019,5.2
100118,Terimakasih Cinta,Drama,2019,7.8
100119,Terlalu Tampan,Comedy,2019,7.0
100120,The Fugitive,Drama,2019,3.7
100121,The Sacred Riana: Beginning,Horror,2019,6.9
100122,The Santri,Adventure,2019,3.9
100123,The Way I Love You,Drama,2019,7.5
100124,This Earth of Mankind,Drama,2019,6.6
100125,Trinity Traveler,Adventure,2019,5.8
100126,Twivortiare,Drama,2019,5.8
100127,Uka-Uka the Movie: Nini Tulang,Horror,2019,4.8
100128,Warkop DKI Reborn 3,Adventure,2019,4.4
100129,Wedding Agreement,Drama,2019,5.9
100130,Yowis Ben 2,Comedy,2019,7.2
100131,Zeta: When the Dead Awaken,Action,2019,5.8
100132,#FriendButMarried,Biography,2018,6.9
100133,13: The Haunted,Horror,2018,5.6
100134,212: The Power of Love,Drama,2018,5.0
100135,22 Menit,Action,2018,6.2
100136,3 Dara 2,Comedy,2018,7.0
100137,A Man Called Ahok,Biography,2018,8.7
100138,Aib #Cyberbully,Horror,2018,5.2
100139,Alas Pati: Hutan Mati,Adventure,2018,5.2
100140,Ananta,Comedy,2018,8.0
100141,Arini,Drama,2018,7.5
100142,Aruna & Lidahnya,Drama,2018,7.3
100143,Arwah Tumbal Nyai the Trilogy: Part Arwah,Horror,2018,3.7
100144,Arwah Tumbal Nyai the Trilogy: Part Nyai,Horror,2018,5.3
100145,Asal Kau Bahagia,Drama,2018,7.5
100146,Asih,Horror,2018,5.3
100147,Assalamualaikum Calon Imam,Drama,2018,7.8
100148,Ave Maryam,Drama,2018,7.3
100149,Baco Becce,Comedy,2018,8.8
100150,Bayi Gaib: Bayi Tumbal Bayi Mati,Horror,2018,6.6
100151,Belok Kanan Barcelona,Adventure,2018,7.1
100152,Benyamin Biang Kerok,Comedy,2018,2.9
100153,Bisikan Iblis,Horror,2018,4.9
100154,Bodyguard Ugal-Ugalan,Comedy,2018,5.7
100155,Buffalo Boys,Action,2018,5.8
100156,Cinta sama dengan Cindolo Na Tape,Comedy,2018,8.3
100157,DOA (Doyok-Otoy-Ali Oncom): Cari Jodoh,Comedy,2018,6.1
100158,Dancing in the Rain,Drama,2018,8.1
100159,Danur 2: Maddah,Horror,2018,5.7
100160,Dear Nathan Hello Salma,Drama,2018,8.0
100161,Dilan 1990,Drama,2018,7.3
100162,Dimsum Martabak,Comedy,2018,6.2
100163,Dongeng Mistis,Horror,2018,6.6
100164,Eiffel I'm in Love 2,Drama,2018,6.8
100165,Generasi Micin,Comedy,2018,6.4
100166,Gentayangan,Horror,2018,4.8
100167,Gila Lu Ndro,Comedy,2018,5.2
100168,Hanum & Rangga: Faith & The City,Drama,2018,1.2
100169,Insya Allah Sah 2,Action,2018,7.2
100170,Jaga Pocong,Horror,2018,6.9
100171,Jailangkung 2,Horror,2018,4.0
100172,Jaran Goyang,Horror,2018,4.7
100173,Jelita Sejuba: Mencintai Kesatria Negara,Drama,2018,9.1
100174,Kafir: Bersekutu dengan Setan,Drama,2018,7.0
100175,Keluarga Cemara,Drama,2018,7.9
100176,Kenapa Harus Bule?,Drama,2018,6.5
100177,Kesempatan Kedu(d)a,Comedy,2018,7.0
100178,Kisah Dua Jendela,Drama,2018,7.4
100179,Koki-Koki Cilik,Drama,2018,7.3
100180,Kucumbu Tubuh Indahku,Drama,2018,7.5
100181,Kulari ke Pantai,Adventure,2018,7.8
100182,Kuntilanak,Comedy,2018,4.8
100183,Liam dan Laila,Drama,2018,7.5
100184,Lima,Drama,2018,6.8
100185,Love for Sale,Drama,2018,7.4
100186,Mama Mama Jagoan,Comedy,2018,7.2
100187,May the Devil Take You,Horror,2018,6.0
100188,Meet Me After Sunset,Drama,2018,8.0
100189,Menunggu Pagi,Drama,2018,7.4
100190,Message Man,Action,2018,6.0
100191,Milly & Mamet: Ini Bukan Cinta & Rangga,Comedy,2018,7.4
100192,Moonrise Over Egypt,History,2018,7.5
100193,Pai kau,Drama,2018,6.9
100194,Partikelir,Action,2018,6.3
100195,Petualangan Menangkap Petir,Drama,2018,7.0
100196,R: Raja  Ratu  & Rahasia,Drama,2018,7.2
100197,Rasuk,Horror,2018,5.4
100198,Reuni Z,Comedy,2018,5.0
100199,Revan & Reina,Drama,2018,8.4
100200,Rompis,Drama,2018,7.9
100201,Rumah Belanda,Horror,2018,5.7
100202,Sabrina,Horror,2018,4.2
100203,Sajen,Horror,2018,5.4
100204,Sakral,Horror,2018,6.8
100205,Serendipity,Drama,2018,8.5
100206,Sesat: Yang Sudah Pergi Jangan Dipanggil Lagi,Horror,2018,6.5
100207,Sesuai Aplikasi,Comedy,2018,6.6
100208,Si Doel the Movie,Drama,2018,7.1
100209,Siap Gan!,Comedy,2018,7.4
100210,Silam,Horror,2018,5.3
100211,Skull,Action,2018,6.4
100212,Something in Between,Drama,2018,8.2
100213,Sultan Agung: Tahta  Perjuangan  Cinta,Action,2018,6.9
100214,Suzzanna: Bernapas dalam Kubur,Comedy,2018,5.6
100215,Target,Comedy,2018,4.0
100216,Terbang: Menembus Langit,Biography,2018,7.4
100217,The Gift,Drama,2018,7.5
100218,The Night Comes for Us,Action,2018,7.0
100219,The Perfect Husband,Drama,2018,7.1
100220,The Returning,Horror,2018,6.0
100221,The Secret: Suster Ngesot Urban Legend,Horror,2018,3.5
100222,Tujuh Bidadari,Horror,2018,6.6
100223,Tumbal: The Ritual,Horror,2018,7.3
100224,Tusuk Jelangkung di Lubang Buaya,Horror,2018,2.4
100225,Udah Putusin Aja!,Drama,2018,7.3
100226,Wahana Rumah Hantu,Adventure,2018,2.8
100227,Wiro Sableng 212,Action,2018,7.2
100228,Yowis Ben,Comedy,2018,8.4
100229,12:06 Rumah Kucing,Horror,2017,3.5
100230,5 Cowok Jagoan,Action,2017,6.7
100231,A: Aku  Benci  & Cinta,Drama,2017,7.5
100232,After School Horror 2,Horror,2017,5.1
100233,Baracas: Barisan Anti Cinta Asmara,Comedy,2017,6.3
100234,Berangkat!,Comedy,2017,7.4
100235,Beyond Skyline,Action,2017,5.3
100236,Bukaan 8,Comedy,2017,7.2
100237,Chrisye,Biography,2017,7.3
100238,Critical Eleven,Drama,2017,7.3
100239,Danur: I Can See Ghosts,Horror,2017,5.4
100240,Dear Nathan,Drama,2017,7.0
100241,Demi Cinta,Comedy,2017,7.2
100242,Duka Sedalam Cinta,Drama,2017,8.7
100243,Filosofi Kopi 2: Ben & Jody,Adventure,2017,7.3
100244,Galih dan Ratna,Drama,2017,6.6
100245,Gasing Tengkorak,Horror,2017,4.8
100246,Hantu Gunung Kawi,Horror,2017,6.0
100247,Hujan Bulan Juni,Drama,2017,7.5
100248,Insya Allah Sah,Comedy,2017,5.7
100249,Jailangkung,Horror,2017,3.7
100250,Jomblo,Comedy,2017,6.6
100251,KAILI: Karena Aku Ingin Kembali,Drama,2017,8.2
100252,Kartini,Biography,2017,7.7
100253,Keluarga Tak Kasat Mata,Horror,2017,3.5
100254,Labuan Hati,Drama,2017,7.6
100255,London Love Story 2,Drama,2017,7.0
100256,Mantan,Drama,2017,7.0
100257,Marlina the Murderer in Four Acts,Drama,2017,7.0
100258,Mars Met Venus (Part Cewe),Comedy,2017,7.6
100259,Mata Batin,Drama,2017,5.1
100260,Mau Jadi Apa?,Comedy,2017,7.5
100261,Merah Putih Memanggil,Action,2017,8.7
100262,Mereka Yang Tak Terlihat,Horror,2017,6.5
100263,Moammar Emka's Jakarta Undercover,Drama,2017,7.2
100264,Mooncake Story,Drama,2017,6.5
100265,My Generation,Drama,2017,7.0
100266,Night Bus,Crime,2017,7.1
100267,One Fine Day,Drama,2017,6.8
100268,Perfect Dream,Drama,2017,6.8
100269,Pertaruhan,Action,2017,8.0
100270,Petak Umpet Minako,Horror,2017,6.6
100271,Posesif,Drama,2017,7.3
100272,Rafathar,Adventure,2017,1.4
100273,Ruqyah: The Exorcism,Horror,2017,4.0
100274,Satan's Slaves,Drama,2017,6.6
100275,Satria Heroes: Revenge of the Darkness,Action,2017,3.2
100276,Satu Hari Nanti,Drama,2017,6.4
100277,Security Ugal-Ugalan,Action,2017,7.9
100278,Sekala Niskala,Drama,2017,6.9
100279,Si Juki,Animation,2017,6.4
100280,Silariang the Movie,Drama,2017,8.0
100281,Stip & Pensil,Comedy,2017,6.7
100282,Suhu Beku: The Movie,Drama,2017,7.7
100283,Surat Cinta Untuk Starla the Movie,Drama,2017,7.0
100284,Surat Kecil Untuk Tuhan,Drama,2017,7.4
100285,Surau dan Silek,Drama,2017,8.8
100286,Surga Yang Tak Dirindukan 2,Drama,2017,7.1
100287,Susah Sinyal,Comedy,2017,7.1
100288,Sweet 20,Comedy,2017,7.3
100289,The Carousel Never Stops Turning,Drama,2017,6.8
100290,The Curse,Horror,2017,5.3
100291,The Doll 2,Horror,2017,5.4
100292,The Guys,Comedy,2017,6.7
100293,The Underdogs,Comedy,2017,7.1
100294,Trinity  The Nekad Traveler,Adventure,2017,7.3
100295,Ular Tangga,Horror,2017,5.8
100296,Valentine,Action,2017,4.7
100297,Verses of Love 2,Drama,2017,5.6
100298,Wage,Biography,2017,8.8
100299,Warkop DKI Reborn: Jangkrik Boss Part 2,Adventure,2017,5.5
100300,3 Srikandi,Biography,2016,6.6
100301,Aach... Aku Jatuh Cinta,Drama,2016,6.5
100302,Aku Ingin Ibu Pulang,Drama,2016,8.0
100303,Algojo: Perang Santet,Action,2016,1.6
100304,Bangkit!,Action,2016,6.4
100305,Bulan Terbelah di Langit Amerika 2,Adventure,2016,4.4
100306,Catatan Dodol Calon Dokter,Comedy,2016,6.6
100307,Cek Toko Sebelah,Comedy,2016,8.0
100308,Cinta Laki-Laki Biasa,Drama,2016,7.9
100309,Comic 8: Casino Kings Part 2,Action,2016,6.1
100310,Dear Love,Romance,2016,7.2
100311,Emma' (Mother),Drama,2016,7.1
100312,Firegate,Adventure,2016,6.5
100313,Hangout,Comedy,2016,5.9
100314,Headshot,Action,2016,6.3
100315,I Am Hope,Drama,2016,7.2
100316,ILY from 38.000 Ft,Drama,2016,6.0
100317,Indera ke Enam,Thriller,2016,5.8
100318,Ini Kisah Tiga Dara,Drama,2016,6.7
100319,Iseng,Drama,2016,7.0
100320,Istirahatlah Kata-Kata,Adventure,2016,7.3
100321,Jagoan Instan,Action,2016,5.3
100322,Jilbab Traveler: Love Sparks in Korea,Drama,2016,6.9
100323,Jingga,Drama,2016,7.0
100324,Juara,Action,2016,6.0
100325,Ketika Mas Gagah Pergi the Movie,Drama,2016,8.3
100326,Koala Kumal,Comedy,2016,6.6
100327,Kurung Manuk (Bird Cage),Sci-Fi,2016,7.2
100328,London Love Story,Drama,2016,6.2
100329,Me vs. Mami,Comedy,2016,7.5
100330,Midnight Show,Action,2016,6.6
100331,My Journey: Mencari Mata Air,Adventure,2016,8.4
100332,My Stupid Boss,Comedy,2016,7.2
100333,Nyai: A Woman from Java,Drama,2016,7.1
100334,Pesantren Impian,Drama,2016,5.6
100335,Pinky Promise,Comedy,2016,7.5
100336,Rudy Habibie,Biography,2016,7.5
100337,Rumah Malaikat,Horror,2016,5.4
100338,Sabtu Bersama Bapak,Drama,2016,7.5
100339,Shy Shy Cat,Comedy,2016,6.4
100340,Stay with Me,Drama,2016,7.4
100341,Sundul Gan: The Story of Kaskus,Biography,2016,8.5
100342,Sunya,Drama,2016,8.6
100343,Super Didi,Comedy,2016,7.1
100344,Surat Cinta Untuk Kartini,Drama,2016,7.8
100345,Surat dari Praha,Drama,2016,7.2
100346,Talak 3,Comedy,2016,7.3
100347,Tausiyah Cinta,Romance,2016,8.4
100348,Terjebak Nostalgia,Drama,2016,7.1
100349,Terpana,Drama,2016,6.6
100350,The Doll,Horror,2016,5.3
100351,The Fabulous Udin,Adventure,2016,7.4
100352,The Professionals,Action,2016,6.4
100353,The Promise,Thriller,2016,5.8
100354,The Window,Drama,2016,8.0
100355,Triangle the Dark Side,Action,2016,2.2
100356,Turah,Drama,2016,7.7
100357,Uang Panai' Maha(r)l,Comedy,2016,6.6
100358,Warkop DKI Reborn: Jangkrik Boss Part 1,Adventure,2016,6.5
100359,What's Up with Love 2,Drama,2016,7.4
100360,Winter in Tokyo,Romance,2016,7.8
100361,Ziarah,Drama,2016,8.0
100362,#66,Action,2015,5.9
100363,3 Dara,Comedy,2015,5.6
100364,3: Alif  Lam  Mim,Action,2015,7.3
100365,A Copy of My Mind,Drama,2015,7.2
100366,About A Woman,Drama,2015,8.6
100367,Ayat-Ayat Adinda,Drama,2015,5.4
100368,Bulan Terbelah di Langit Amerika,Adventure,2015,6.0
100369,CJR the Movie: Lawan Rasa Takutmu,Drama,2015,7.3
100370,Cai Lan Gong,Horror,2015,6.2
100371,Cinta Selamanya,Drama,2015,6.8
100372,Clown of the Dead,Horror,2015,5.4
100373,Comic 8: Casino Kings Part 1,Action,2015,6.3
100374,Di Balik 98,Drama,2015,6.7
100375,Epen Cupen the Movie,Comedy,2015,5.3
100376,Filosofi Kopi,Drama,2015,7.1
100377,Gangster,Action,2015,5.9
100378,Garuda Superhero,Action,2015,3.6
100379,Guru Bangsa Tjokroaminoto,Biography,2015,7.3
100380,Hijab,Comedy,2015,5.6
100381,Jendral Soedirman,Action,2015,7.3
100382,Kakak,Horror,2015,6.2
100383,Kapan Kawin?,Comedy,2015,7.3
100384,Komedi Moderen Gokil,Comedy,2015,4.8
100385,Lily Bunga Terakhirku,Drama,2015,7.8
100386,Love & Faith,Biography,2015,7.7
100387,Love You... Love You Not,Comedy,2015,5.3
100388,Magic Hour,Drama,2015,6.2
100389,Melancholy Is A Movement,Drama,2015,6.5
100390,Mencari Hilal,Adventure,2015,7.7
100391,Menuju Rembulan,Drama,2015,6.1
100392,Misterius,Horror,2015,5.0
100393,Nada Untuk Asa,Drama,2015,6.7
100394,Nay,Drama,2015,6.2
100395,Negeri Van Oranje,Adventure,2015,7.4
100396,Ngenest,Comedy,2015,7.0
100397,November 10th,Animation,2015,7.1
100398,Pizza Man,Action,2015,6.1
100399,Romeo + Rinjani,Adventure,2015,6.1
100400,Sagarmatha,Adventure,2015,7.2
100401,Single,Comedy,2015,6.8
100402,SkakMat,Action,2015,6.7
100403,Sunshine Becomes You,Comedy,2015,6.0
100404,Surga Yang Tak Dirindukan,Drama,2015,7.8
100405,Tarot,Drama,2015,7.1
100406,The Wedding & Bebek Betutu,Comedy,2015,6.8
100407,Toba Dreams,Drama,2015,7.4
100408,Train Station,Crime,2015,5.8
100409,Turis Romantis,Romance,2015,8.9
100410,Tuyul: Part 1,Horror,2015,6.0
100411,Wewe,Horror,2015,5.8
100412,12 Menit,Drama,2014,8.6
100413,2014,Action,2014,6.9
100414,3 Nafas Likas,Drama,2014,7.3
100415,3600 Detik,Drama,2014,6.6
100416,7 Hari 24 Jam,Drama,2014,7.1
100417,99 Cahaya di Langit Eropa Part 2,Adventure,2014,6.0
100418,Aku  Kau  & KUA,Comedy,2014,7.0
100419,Angker,Horror,2014,6.8
100420,Assalamualaikum Beijing,Drama,2014,7.2
100421,Bajaj Bajuri the Movie,Action,2014,7.0
100422,Cherrybelle: Crush,Comedy,2014,5.6
100423,Comic 8,Action,2014,7.0
100424,Danau Hitam,Horror,2014,6.1
100425,Guardian,Action,2014,4.2
100426,Haji Backpacker,Adventure,2014,6.1
100427,Hijrah Cinta,Biography,2014,8.1
100428,Killers,Action,2014,6.4
100429,Kukejar Cinta ke Negeri Cina,Comedy,2014,6.0
100430,Legend of the East,Action,2014,1.7
100431,Malam Minggu Miko Movie,Comedy,2014,7.4
100432,Mall Klender,Horror,2014,6.5
100433,Mari Lari,Drama,2014,7.3
100434,Marmut Merah Jambu,Comedy,2014,6.9
100435,Merry Riana: Mimpi Sejuta Dolar,Biography,2014,6.7
100436,My Idiot Brother,Drama,2014,7.2
100437,Oo Nina Bobo,Horror,2014,5.3
100438,Pendekar Tongkat Emas,Action,2014,6.2
100439,Remember When,Drama,2014,6.4
100440,Rumah Gurita,Drama,2014,7.5
100441,Runaway,Action,2014,6.2
100442,Selamat Pagi  Malam,Drama,2014,7.3
100443,Siti,Drama,2014,7.5
100444,Strawberry Surprise,Drama,2014,5.9
100445,Street Society,Action,2014,6.6
100446,Suka-Suka Super 7: Habis Gelap Menuju Terang,Drama,2014,8.4
100447,Supernova,Drama,2014,6.4
100448,Tabula Rasa,Drama,2014,7.6
100449,Tak Kemal Maka Tak Sayang,Comedy,2014,5.5
100450,The Raid 2,Action,2014,8.0
100451,The Sun  the Moon  & the Hurricane,Drama,2014,7.3
100452,Unlimited Love,Drama,2014,8.2
100453,Viva JKT48,Comedy,2014,7.6
100454,We Are Moluccans,Biography,2014,8.2
100455,308,Horror,2013,6.5
100456,9 Summers 10 Autumns,Biography,2013,8.2
100457,99 Cahaya di Langit Eropa,Adventure,2013,6.2
100458,After the Dark,Drama,2013,5.7
100459,Air Mata Terakhir Bunda,Drama,2013,6.9
100460,Air Terjun Pengantin Phuket,Horror,2013,5.3
100461,Bangun Lagi Dong Lupus,Comedy,2013,6.8
100462,Berlian Si Etty,Comedy,2013,6.5
100463,Cinta Brontosaurus,Comedy,2013,6.2
100464,Cinta Dalam Kardus,Comedy,2013,6.5
100465,Cinta dari Wamena,Drama,2013,7.8
100466,Cinta/Mati,Drama,2013,8.2
100467,Coboy Junior: The Movie,Drama,2013,3.8
100468,Crazy Love,Romance,2013,6.9
100469,Eyang Kubur,Comedy,2013,7.0
100470,Finding Srimulat,Comedy,2013,6.8
100471,Gending Sriwijaya,Action,2013,6.3
100472,Get M4rried,Comedy,2013,6.7
100473,Hari Ini Pasti Menang,Action,2013,6.9
100474,Hasduk Berpola,Drama,2013,8.4
100475,Honeymoon,Comedy,2013,5.2
100476,Java Heat,Action,2013,5.1
100477,Jokowi,Biography,2013,6.9
100478,KM 97,Horror,2013,4.5
100479,Kemasukan Setan,Horror,2013,6.8
100480,Kembalinya Nenek Gayung,Comedy,2013,4.5
100481,Kisah 3 Titik,Drama,2013,4.4
100482,La tahzan,Drama,2013,6.2
100483,Laskar Pelangi Sekuel 2: Edensor,Drama,2013,6.6
100484,Laura & Marsha,Drama,2013,6.3
100485,Madre,Drama,2013,7.7
100486,Manusia Setengah Salmon,Comedy,2013,6.0
100487,Mika,Drama,2013,6.7
100488,Misteri Cipularang,Horror,2013,5.0
100489,Moga Bunda Disayang Allah,Drama,2013,7.0
100490,Mursala,Drama,2013,6.9
100491,Operation Wedding,Comedy,2013,6.8
100492,Pokun Roxy,Comedy,2013,6.1
100493,Rectoverso,Drama,2013,7.2
100494,Refrain,Drama,2013,6.7
100495,Rocket Rain,Drama,2013,6.2
100496,Romantini,Drama,2013,5.4
100497,Salisiah Adaik,Drama,2013,9.2
100498,Sang Kiai,Action,2013,6.7
100499,Sang Pialang,Drama,2013,6.7
100500,Soekarno: Indonesia Merdeka,Biography,2013,7.0
100501,Sokola Rimba,Biography,2013,7.3
100502,Someone's Wife in the Boat of Someone's Husband,Drama,2013,6.2
100503,Something in the Way,Drama,2013,7.4
100504,Sule Detektif Tokek,Comedy,2013,5.4
100505,Tak Sempurna,Action,2013,7.8
100506,Tampan Tailor,Drama,2013,7.0
100507,The Empire's Throne,Action,2013,2.6
100508,The Sinking of Van Der Wijck,Drama,2013,7.6
100509,True Heart,Action,2013,7.5
100510,V/H/S/2,Horror,2013,6.0
100511,Wanita Tetap Wanita,Drama,2013,6.7
100512,Yang tidak dibicarakan ketika membicarakan cinta,Drama,2013,7.1
100513,18++: Forever Love,Drama,2012,4.7
100514,3 Pocong Idiot,Comedy,2012,4.7
100515,5 cm,Adventure,2012,7.2
100516,Ambilkan Bulan,Drama,2012,6.9
100517,Atambua 39° Celsius,Drama,2012,6.1
100518,Bangkit dari Kubur,Horror,2012,5.0
100519,Bangkitnya Suster Gepeng,Horror,2012,4.5
100520,Belenggu,Horror,2012,6.2
100521,Bidadari-Bidadari Surga,Drama,2012,6.6
100522,Bila,Drama,2012,5.0
100523,Brandal-Brandal Ciliwung,Drama,2012,7.9
100524,BrokenHearts,Drama,2012,7.2
100525,Cherrybelle: Love Is U,Drama,2012,7.3
100526,Cinta Suci Zahrana,Drama,2012,6.4
100527,Cinta Tapi Beda,Drama,2012,6.8
100528,Cinta di Saku Celana,Comedy,2012,6.8
100529,Cita-Citaku Setinggi Tanah,Drama,2012,6.9
100530,Demi Ucok,Drama,2012,6.9
100531,Dendam dari Kuburan,Horror,2012,2.4
100532,Di Timur Matahari,Drama,2012,8.0
100533,Enak Sama Enak,Comedy,2012,2.3
100534,Fallin' in Love,Drama,2012,3.6
100535,Habibie & Ainun,Biography,2012,7.6
100536,Hattrick,Action,2012,7.7
100537,Hello Goodbye,Drama,2012,6.9
100538,Hi5teria,Horror,2012,6.7
100539,I Love You Masbro,Drama,2012,4.7
100540,Jenderal Kancil: The Movie,Comedy,2012,5.7
100541,Kafan Sundel Bolong,Horror,2012,3.6
100542,Kakek Cangkul,Comedy,2012,5.2
100543,Kebun Binatang,Drama,2012,6.2
100544,Keumala,Drama,2012,7.9
100545,Kung Fu Pocong Perawan,Comedy,2012,3.5
100546,Kuntilanak-Kuntilanak,Horror,2012,5.4
100547,Kutukan Arwah Santet,Horror,2012,6.4
100548,Loe Gue End,Drama,2012,6.6
100549,Malaikat Tanpa Sayap,Drama,2012,7.8
100550,Mama Cake,Comedy,2012,7.5
100551,Mata Tertutup,Drama,2012,6.3
100552,Misteri Pasar Kaget,Drama,2012,5.0
100553,Mother Keder: Emakku Ajaib Bener,Comedy,2012,6.2
100554,My Last Love,Drama,2012,6.2
100555,Negeri 5 Menara,Adventure,2012,6.9
100556,Nenek Gayung,Comedy,2012,4.8
100557,Pacarku Kuntilanak Kembar,Horror,2012,3.5
100558,Parts of the Heart,Drama,2012,6.8
100559,Perahu Kertas,Drama,2012,7.0
100560,Perahu Kertas 2,Drama,2012,6.8
100561,Petualangan Singa Pemberani,Animation,2012,3.6
100562,Pulau Hantu 3,Horror,2012,4.6
100563,Radio Galau FM,Comedy,2012,6.4
100564,Rayya  Cahaya di Atas Cahaya,Drama,2012,7.6
100565,Republik Twitter,Drama,2012,7.3
100566,Rumah Bekas Kuburan,Horror,2012,3.7
100567,Rumah Hantu Pasar Malam,Horror,2012,3.6
100568,Rumah Kentang,Horror,2012,5.9
100569,Rumah dan Musim Hujan,Comedy,2012,7.4
100570,Rumah di Seribu Ombak,Drama,2012,7.0
100571,Sampai Ujung Dunia,Drama,2012,8.0
100572,Sang Martir,Drama,2012,6.7
100573,Santet Kuntilanak,Horror,2012,3.1
100574,Sanubari Jakarta,Drama,2012,6.6
100575,Seandainya,Drama,2012,6.3
100576,Soegija,Biography,2012,6.2
100577,Sule  Ay Need You,Comedy,2012,7.1
100578,Tali Pocong Perawan 2,Horror,2012,4.2
100579,Tanah Surga... Katanya,Drama,2012,6.9
100580,Test Pack,Comedy,2012,7.1
100581,The Witness,Drama,2012,6.3
100582,Toilet Blues,Drama,2012,6.2
100583,Ummi Aminah,Drama,2012,7.6
100584,Vakansi yang Janggal dan Penyakit Lainnya,Drama,2012,4.7
100585,Xia aimei,Drama,2012,7.6
100586,13 Cara Memanggil Setan,Horror,2011,5.3
100587,Ada Apa dengan Pocong?,Comedy,2011,5.2
100588,Akibat Pergaulan Bebas 2,Drama,2011,3.2
100589,Anakluh,Drama,2011,7.2
100590,Arisan! 2,Comedy,2011,6.6
100591,Arwah Goyang Karawang,Comedy,2011,2.9
100592,Arwah Kuntilanak Duyung,Comedy,2011,2.8
100593,Ayah  Mengapa Aku Berbeda?,Drama,2011,6.7
100594,Badai di Ujung Negeri,Adventure,2011,7.6
100595,Baik-Baik Sayang,Drama,2011,6.7
100596,Batas,Drama,2011,7.5
100597,Belkibolang,Drama,2011,5.7
100598,Bukan Pocong Biasa,Comedy,2011,5.4
100599,Catatan (Harian) Si Boy,Action,2011,6.8
100600,Cewek Gokil,Comedy,2011,5.9
100601,Cewek Saweran,Drama,2011,5.0
100602,Cowok Bikin Pusing,Drama,2011,4.8
100603,Dedemit Gunung Kidul,Horror,2011,3.7
100604,Di Bawah Lindungan Ka'bah,Drama,2011,7.4
100605,Dilema,Crime,2011,7.2
100606,Enter the Hamster,Action,2011,6.3
100607,Garuda di Dadaku 2,Drama,2011,6.4
100608,Get Married 3,Comedy,2011,5.5
100609,Hafalan Shalat Delisa,Drama,2011,7.2
100610,Jenglot Pantai Selatan,Horror,2011,4.0
100611,Kalung Jailangkung,Horror,2011,5.8
100612,Kehormatan di Balik Kerudung,Drama,2011,6.2
100613,Kejarlah Jodoh Kau Kutangkap,Comedy,2011,6.4
100614,Kentut,Comedy,2011,4.8
100615,Kepergok Pocong,Comedy,2011,4.6
100616,Keranda Kuntilanak,Comedy,2011,3.2
100617,Khalifah,Drama,2011,6.6
100618,Kuntilanak Kesurupan,Comedy,2011,2.4
100619,Langit Biru,Drama,2011,6.6
100620,Laut Bercermin,Drama,2011,7.1
100621,Lima Elang,Family,2011,7.1
100622,Lost in Papua,Adventure,2011,6.5
100623,Love Story,Drama,2011,7.3
100624,Lovely Man,Drama,2011,7.2
100625,Masih Bukan Cinta Biasa,Drama,2011,6.8
100626,Mati Muda di Pelukan Janda,Comedy,2011,2.5
100627,Milli & Nathan,Drama,2011,7.6
100628,Misteri Hantu Selular,Horror,2011,6.2
100629,Mortal Enemies,Action,2011,6.1
100630,My Blackberry Girlfriend,Comedy,2011,5.2
100631,Oh Tidak..!,Comedy,2011,4.7
100632,Pacar Hantu Perawan,Comedy,2011,3.8
100633,Pelet Kuntilanak,Horror,2011,3.5
100634,Pelukan Janda Hantu Gerondong,Horror,2011,4.0
100635,Pengejar Angin,Drama,2011,6.8
100636,Perempuan² Liar,Comedy,2011,6.1
100637,Pocong Kesetanan!,Comedy,2011,4.8
100638,Pocong Mandi Goyang Pinggul,Comedy,2011,1.8
100639,Pocong Minta Kawin,Comedy,2011,7.1
100640,Pocong Ngesot,Comedy,2011,2.8
100641,Poconggg Juga Pocong,Comedy,2011,6.2
100642,Pupus,Drama,2011,7.0
100643,Purple Love,Drama,2011,6.2
100644,Red and White III: Hearts of Freedom,Action,2011,6.2
100645,Rumah Tanpa Jendela,Drama,2011,7.2
100646,Sajadah Ka'bah,Action,2011,6.6
100647,Sang Penari,Drama,2011,7.1
100648,Semesta Mendukung,Drama,2011,6.9
100649,Serdadu Kumbang,Drama,2011,7.2
100650,Setannya Kok Masih Ada,Comedy,2011,4.5
100651,Skandal,Drama,2011,5.0
100652,Surat Kecil Untuk Tuhan,Biography,2011,6.3
100653,Suster Keramas 2,Comedy,2011,3.9
100654,Tanda Tanya,Drama,2011,7.1
100655,Tarung: City of the Darkness,Action,2011,6.2
100656,Tebus,Crime,2011,4.4
100657,Tendangan dari Langit,Drama,2011,7.1
100658,The Mentalist,Action,2011,7.2
100659,The Perfect House,Thriller,2011,6.6
100660,The Raid: Redemption,Action,2011,7.6
100661,The Tarix Jabrix 3,Comedy,2011,7.8
100662,Tumbal Jailangkung,Horror,2011,5.3
100663,Virgin 3: Satu Malam Mengubah Segalanya,Drama,2011,6.1
100664,18+,Drama,2010,4.8
100665,3 Hati  Dua Dunia  Satu Cinta,Comedy,2010,6.9
100666,3 Pejantan Tanggung,Comedy,2010,4.7
100667,7 Hati  7 Cinta  7 Wanita,Drama,2010,7.4
100668,Affair,Horror,2010,4.2
100669,Akibat Pergaulan Bebas,Drama,2010,4.3
100670,Aku atau Dia?,Comedy,2010,6.3
100671,Alangkah Lucunya (Negeri Ini),Comedy,2010,7.2
100672,Arisan Brondong,Comedy,2010,4.4
100673,Bebek Belur,Comedy,2010,4.9
100674,Belum Cukup Umur,Drama,2010,6.4
100675,Cin... Tetangga Gue  Kuntilanak!,Comedy,2010,5.1
100676,Cinta 2 Hati,Drama,2010,6.7
100677,Dalam Mihrab Cinta,Drama,2010,7.6
100678,Dawai 2 Asmara,Comedy,2010,7.1
100679,Demi Dewi,Drama,2010,5.3
100680,Dendam Pocong Mupeng,Horror,2010,3.9
100681,Di Dasar Segalanya,Drama,2010,6.1
100682,Gaby dan Lagunya,Drama,2010,6.9
100683,Hantu Puncak Datang Bulan,Comedy,2010,4.2
100684,Hantu Tanah Kusir,Horror,2010,4.4
100685,Hari Untuk Amanda,Drama,2010,7.6
100686,Heart 2 Heart,Drama,2010,8.4
100687,I Know What You Did on Facebook,Comedy,2010,4.9
100688,Istri Bo'ongan,Drama,2010,3.9
100689,Jakarta Maghrib,Drama,2010,7.5
100690,Jejak Darah,Horror,2010,6.0
100691,Jinx,Comedy,2010,3.0
100692,Kabayan Jadi Milyuner,Comedy,2010,4.9
100693,Kain Kafan Perawan,Horror,2010,4.3
100694,Laskar Pemimpi,Comedy,2010,5.7
100695,Lihat Boleh  Pegang Jangan,Comedy,2010,2.9
100696,London Virginia,Comedy,2010,7.2
100697,Love in Perth,Drama,2010,5.8
100698,Madame X,Action,2010,6.4
100699,Mafia Insyaf,Action,2010,4.7
100700,Melodi,Drama,2010,7.4
100701,Menculik Miyabi,Action,2010,3.4
100702,Menebus Impian,Drama,2010,6.1
100703,Minggu Pagi di Victoria Park,Drama,2010,7.5
100704,Nakalnya Anak Muda,Horror,2010,4.0
100705,Ngebut Kawin,Comedy,2010,6.0
100706,Not for Sale,Drama,2010,4.0
100707,Obama Anak Menteng,Drama,2010,6.1
100708,Pemburu Hantu: The Movie,Horror,2010,5.1
100709,Pengakuan Seorang Pelacur,Drama,2010,5.6
100710,Pengantin Pantai Biru,Horror,2010,2.5
100711,Pengantin Sunat,Comedy,2010,3.0
100712,Pengantin Topeng,Drama,2010,7.1
100713,Perjaka Terakhir 2,Comedy,2010,4.6
100714,Pocong Jumat Kliwon,Comedy,2010,3.0
100715,Pocong Keliling,Comedy,2010,4.2
100716,Pocong Rumah Angker,Horror,2010,5.7
100717,Raped by Saitan (Diperkosa Setan),Horror,2010,5.1
100718,Ratu KostMopolitan,Comedy,2010,6.0
100719,Rayuan Arwah Penasaran,Horror,2010,3.4
100720,Red CobeX,Comedy,2010,5.8
100721,Red and White II: Blood of Eagles,Action,2010,6.8
100722,Rintihan Kuntilanak Perawan,Horror,2010,4.0
100723,Roman Picisan,Drama,2010,6.2
100724,SKJ: Seleb Kota Jogja,Comedy,2010,6.7
100725,Sang Pencerah,Biography,2010,6.8
100726,Satu Jam Saja,Drama,2010,7.0
100727,Sehidup (Tak) Semati,Drama,2010,6.6
100728,Selimut Berdarah,Thriller,2010,4.0
100729,Senggol Bacok,Comedy,2010,5.9
100730,Setan Facebook,Horror,2010,4.1
100731,Sst... Jadikan Aku Simpanan,Drama,2010,5.0
100732,Susah Jaga Keperawanan di Jakarta,Comedy,2010,4.5
100733,Sweetheart,Drama,2010,6.0
100734,Tanah Air Beta,Drama,2010,8.0
100735,Taring,Horror,2010,5.2
100736,Te[rekam],Horror,2010,3.6
100737,The God Babe,Comedy,2010,3.8
100738,Tiran: Mati di Ranjang,Horror,2010,3.8
100739,Toilet 105,Horror,2010,5.2
100740,Ai Lop Yu Pul,Comedy,2009,3.4
100741,Air Terjun Pengantin,Horror,2009,3.5
100742,Anak Setan,Horror,2009,5.4
100743,Asmara Dua Diana,Comedy,2009,5.4
100744,Benci Disko,Comedy,2009,2.8
100745,Bukan Cinta Biasa,Comedy,2009,6.2
100746,Bukan Malin Kundang,Comedy,2009,6.1
100747,Capres: Calo Presiden,Comedy,2009,5.5
100748,Cin(T)a,Drama,2009,7.1
100749,Darah Janda Kolong Wewe,Horror,2009,3.3
100750,Darah Perawan Bulan Madu,Horror,2009,4.8
100751,Dikejar Setan,Horror,2009,5.0
100752,Emak Ingin Naik Haji,Drama,2009,6.9
100753,Garuda di Dadaku,Drama,2009,6.6
100754,Get Married 2,Comedy,2009,6.1
100755,Glitch: Tersesat dalam Waktu,Sci-Fi,2009,4.4
100756,Hantu Biang Kerok,Comedy,2009,3.1
100757,Hantu Binal Jembatan Semanggi,Horror,2009,4.7
100758,Hantu Jamu Gendong,Horror,2009,3.8
100759,Hantu Rumah Ampera,Horror,2009,4.9
100760,Heart-Break.com,Comedy,2009,6.4
100761,Identitas,Drama,2009,6.6
100762,Jagad X Code,Null,2009,5.9
100763,Jamila dan Sang Presiden,Drama,2009,6.8
100764,Janda Kembang,Comedy,2009,4.3
100765,Jeritan Kuntilanak,Horror,2009,4.4
100766,Kambing Jantan,Comedy,2009,5.6
100767,Kata Maaf Terakhir,Drama,2009,5.8
100768,Kawin Laris,Comedy,2009,6.0
100769,Keramat,Horror,2009,6.8
100770,Ketika Cinta Bertasbih,Drama,2009,6.0
100771,Ketika Cinta Bertasbih 2,Drama,2009,6.2
100772,King,Drama,2009,6.9
100773,Kirun + Adul,Comedy,2009,6.2
100774,Kisah Nyata Kereta Setan Manggarai,Horror,2009,3.8
100775,Krazy Crazy Krezy...,Comedy,2009,3.3
100776,Kuntilanak Beranak,Horror,2009,4.9
100777,Kutukan Suster Ngesot,Horror,2009,3.8
100778,Macabre,Drama,2009,6.5
100779,Maling Kutang,Comedy,2009,3.5
100780,Mati Suri,Horror,2009,5.5
100781,Mau Dong... Ah,Comedy,2009,1.9
100782,Merah Putih,Action,2009,6.2
100783,Merantau,Action,2009,6.7
100784,Nazar,Comedy,2009,2.8
100785,Paku Kuntilanak,Horror,2009,4.7
100786,Perempuan Berkalung Sorban,Drama,2009,6.7
100787,Perjaka Terakhir,Drama,2009,3.6
100788,Pijat Atas Tekan Bawah,Comedy,2009,2.5
100789,Pintu Terlarang,Horror,2009,6.8
100790,Pocong Jalan Blora,Horror,2009,3.6
100791,Pocong Kamar Sebelah,Horror,2009,4.1
100792,Pocong Setan Jompo,Horror,2009,2.9
100793,Preman in Love,Comedy,2009,6.7
100794,Punk in Love,Adventure,2009,6.6
100795,Putih Abu-Abu dan Sepatu Kets,Drama,2009,4.3
100796,Queen Bee,Drama,2009,4.6
100797,Rasa,Action,2009,7.0
100798,Romeo Juliet,Drama,2009,7.5
100799,Ruma Maida,Drama,2009,7.2
100800,SMS: Suka Ma Suka,Comedy,2009,5.0
100801,Sang Pemimpi,Adventure,2009,6.8
100802,Satu Rumpun?,Comedy,2009,8.2
100803,Selendang Rocker,Comedy,2009,6.1
100804,Sepuluh,Drama,2009,5.7
100805,Serigala Terakhir,Action,2009,6.7
100806,Setan Budeg,Horror,2009,4.2
100807,Sumpah (Ini) Pocong!,Comedy,2009,4.0
100808,Suster Keramas,Comedy,2009,3.0
100809,Susuk Pocong,Horror,2009,2.9
100810,Terowongan Rumah Sakit,Horror,2009,5.5
100811,The Ghost of Mortuary,Horror,2009,5.1
100812,The Maling Kuburans,Comedy,2009,6.6
100813,The Police,Action,2009,6.0
100814,The Real Pocong,Horror,2009,5.3
100815,The Tarix Jabrix 2,Comedy,2009,5.8
100816,Virgin 2: Bukan Film Porno,Drama,2009,5.5
100817,Wakil Rakyat,Comedy,2009,5.5
100818,XXL: Double Extra Large,Comedy,2009,4.5
100819,3 Doa 3 Cinta,Drama,2008,6.7
100820,40 Hari Bangkitnya Pocong,Horror,2008,4.8
100821,Ada Kamu  Aku Ada,Drama,2008,5.2
100822,Anda Puas Saya Loyo,Comedy,2008,2.8
100823,Asoy Geboy,Comedy,2008,2.2
100824,Babi Buta yang Ingin Terbang,Drama,2008,6.1
100825,Barbi3,Null,2008,3.4
100826,Basahhh...,Comedy,2008,6.7
100827,Best Friend?,Null,2008,6.9
100828,Chika,Drama,2008,7.3
100829,Cinlok,Comedy,2008,4.5
100830,Cinta Setaman,Drama,2008,6.0
100831,Claudia/Jasmine,Comedy,2008,7.5
100832,Coblos Cinta,Comedy,2008,2.7
100833,D.O. (Drop Out),Comedy,2008,4.8
100834,Di Bawah Pohon,Drama,2008,6.7
100835,Doa yang Mengancam,Drama,2008,6.1
100836,Drupadi,Drama,2008,5.8
100837,Fiksi.,Thriller,2008,7.5
100838,From Bandung with Love,Drama,2008,6.6
100839,Gara-Gara Bola,Comedy,2008,5.3
100840,Hantu Aborsi,Horror,2008,2.6
100841,Hantu Ambulance,Horror,2008,3.1
100842,Hantu Jembatan Ancol,Horror,2008,3.7
100843,Hantu Perawan Jeruk Purut,Horror,2008,2.7
100844,In the Name of Love,Drama,2008,5.3
100845,Kado Hari Jadi,Thriller,2008,4.3
100846,Kalau Cinta Jangan Cengeng,Drama,2008,4.6
100847,Karma,Thriller,2008,7.0
100848,Kawin Kontrak,Comedy,2008,4.8
100849,Kawin Kontrak Lagi,Comedy,2008,4.4
100850,Kekasih,Drama,2008,5.2
100851,Kereta Hantu Manggarai,Horror,2008,5.1
100852,Kesurupan,Horror,2008,4.4
100853,Ku Tunggu Jandamu,Comedy,2008,3.2
100854,Kun fayakuun,Drama,2008,6.7
100855,Kuntilanak 3,Horror,2008,5.3
100856,Laskar Pelangi,Adventure,2008,7.8
100857,Liar,Null,2008,4.6
100858,Lost in Love,Drama,2008,6.7
100859,Love,Drama,2008,6.5
100860,MBA: Married by Accident,Comedy,2008,6.0
100861,Mas Suka Masukin Aja,Comedy,2008,1.4
100862,May,Drama,2008,5.3
100863,Mengaku Rasul,Drama,2008,6.0
100864,Mereka Bilang  Saya Monyet!,Drama,2008,6.7
100865,Merem Melek,Comedy,2008,3.0
100866,Mupeng,Comedy,2008,4.0
100867,Namaku Dick,Comedy,2008,4.3
100868,Oh Baby,Drama,2008,5.5
100869,Oh  My God!,Comedy,2008,4.2
100870,Otomatis Romantis,Comedy,2008,6.2
100871,Pencarian Terakhir,Adventure,2008,7.2
100872,Pocong vs. Kuntilanak,Horror,2008,2.8
100873,Pulau Hantu 2,Horror,2008,3.8
100874,Radit & Jani,Drama,2008,6.9
100875,Sarang Kuntilanak,Horror,2008,3.5
100876,Saus Kacang,Drama,2008,5.0
100877,Setannya Kok Beneran?,Comedy,2008,4.3
100878,Si Jago Merah,Comedy,2008,5.7
100879,Skandal Cinta Babi Ngepet,Romance,2008,1.5
100880,Suami-Suami Takut Istri: The Movie,Comedy,2008,3.5
100881,Summer Breeze,Romance,2008,6.8
100882,Sumpah Pocong di Sekolah,Drama,2008,4.5
100883,Susahnya Jadi Perawan,Comedy,2008,4.0
100884,Syahadat Cinta,Drama,2008,8.0
100885,Takut: Faces of Fear,Horror,2008,5.9
100886,Tali Pocong Perawan,Horror,2008,3.4
100887,Tarzan ke Kota,Comedy,2008,3.8
100888,The Shaman,Horror,2008,5.9
100889,The Tarix Jabrix,Comedy,2008,6.7
100890,Tiren: Mati Kemaren,Horror,2008,3.2
100891,Tri Mas Getir,Comedy,2008,5.0
100892,Tulalit,Comedy,2008,3.1
100893,Verses of Love,Drama,2008,7.1
100894,Want More?,Comedy,2008,4.9
100895,XL: Extra Large - Antara Aku  Kau  dan Mak Erot,Drama,2008,4.8
100896,3 Hari Untuk Selamanya,Comedy,2007,7.1
100897,Angkerbatu,Horror,2007,4.9
100898,Badai Pasti Berlalu,Drama,2007,6.7
100899,Beranak dalam Kubur,Horror,2007,3.1
100900,Bukan Bintang Biasa,Null,2007,4.3
100901,Dead Time,Crime,2007,7.0
100902,Enam,Horror,2007,5.8
100903,Film Horor,Comedy,2007,5.2
100904,Genderuwo,Horror,2007,1.7
100905,Get Married,Comedy,2007,6.5
100906,Hantu,Horror,2007,5.8
100907,Jelangkung 3,Horror,2007,4.7
100908,Kangen,Drama,2007,5.8
100909,Kuntilanak 2,Horror,2007,5.7
100910,Lantai 13,Horror,2007,4.8
100911,Lari dari Blora,Drama,2007,5.6
100912,Lawang Sewu,Horror,2007,5.2
100913,Legenda Sundel Bolong,Horror,2007,5.0
100914,Long Road to Heaven,Drama,2007,6.9
100915,Lotus Requiem,Drama,2007,7.5
100916,Love Is Cinta,Drama,2007,5.6
100917,Malam Jumat Kliwon,Horror,2007,2.2
100918,Medley,Drama,2007,6.4
100919,Mengejar Mas Mas,Comedy,2007,7.3
100920,Miracle: Menantang Maut,Horror,2007,3.6
100921,Naga Bonar Jadi 2,Comedy,2007,7.1
100922,Pocong 3,Horror,2007,5.1
100923,Pulau Hantu,Horror,2007,3.9
100924,Quickie Express,Comedy,2007,6.9
100925,Roh,Horror,2007,4.4
100926,Selamanya,Drama,2007,7.0
100927,Suster N,Horror,2007,4.3
100928,Suster Ngesot,Horror,2007,4.9
100929,Tentang Cinta,Drama,2007,7.9
100930,Terowongan Casablanca,Horror,2007,3.9
100931,The Butterfly,Drama,2007,6.4
100932,The Photograph,Drama,2007,6.8
100933,The Wall,Horror,2007,4.6
100934,9 Naga,Crime,2006,6.5
100935,Bangku Kosong,Horror,2006,5.8
100936,Berbagi Suami,Comedy,2006,7.5
100937,Betina,Drama,2006,7.6
100938,Denias  Senandung di Atas Awan,Drama,2006,6.8
100939,Ekspedisi Madewa,Null,2006,5.8
100940,Garasi,Drama,2006,6.2
100941,Gotcha,Horror,2006,5.1
100942,Gue Kapok Jatuh Cinta,Comedy,2006,4.5
100943,Hantu Jeruk Purut,Horror,2006,4.7
100944,Heart,Drama,2006,6.6
100945,Jakarta Undercover,Thriller,2006,6.2
100946,Jatuh Cinta Lagi,Romance,2006,5.1
100947,Jomblo,Comedy,2006,7.2
100948,Koper,Drama,2006,5.1
100949,Lentera Merah,Drama,2006,6.0
100950,Maskot,Comedy,2006,6.6
100951,Opera Jawa,Drama,2006,6.4
100952,Pesan dari Surga,Drama,2006,5.7
100953,Pocong,Drama,2006,5.6
100954,Pocong 2,Horror,2006,6.5
100955,Realita  Cinta  dan Rock n' Roll,Drama,2006,6.7
100956,Ruang,Null,2006,7.1
100957,The Chanting,Horror,2006,6.1
100958,12:00 A.M.,Drama,2005,3.6
100959,Alexandria,Drama,2005,7.3
100960,Bad Wolves,Action,2005,6.9
100961,Banyu Biru,Drama,2005,6.4
100962,Belahan Jiwa,Thriller,2005,6.5
100963,Brownies,Null,2005,6.0
100964,Catatan Akhir Sekolah,Comedy,2005,7.4
100965,Detik Terakhir,Null,2005,7.2
100966,Gie,Biography,2005,7.6
100967,Issue,Thriller,2005,6.2
100968,Janji Joni,Adventure,2005,7.6
100969,Me vs. High Heels,Null,2005,5.4
100970,Mirror,Horror,2005,6.9
100971,Panggil Namaku 3×,Horror,2005,5.4
100972,Tentang Dia,Drama,2005,7.2
100973,Ungu Violet,Drama,2005,6.4
100974,Untuk Rena,Drama,2005,7.3
100975,Vina Bilang Cinta,Romance,2005,5.2
100976,Virgin,Drama,2005,5.8
100977,What Love Means,Comedy,2005,5.5
100978,30 Hari Mencari Cinta,Comedy,2004,6.0
100979,Bangsal 13,Horror,2004,6.6
100980,Impian Kemarau,Drama,2004,7.4
100981,Kejar Amerika,Adventure,2004,5.9
100982,Lovely Luna,Drama,2004,4.9
100983,Mengejar Matahari,Drama,2004,7.1
100984,Petualangan 100 Jam,Drama,2004,6.8
100985,Rindu Kami Padamu,Drama,2004,6.9
100986,Satu Kecupan,Comedy,2004,3.9
100987,Tak Biasa,Comedy,2004,7.2
100988,Arisan!,Comedy,2003,7.2
100989,Biarkan Bintang Menari,Drama,2003,5.9
100990,Biola Tak Berdawai,Drama,2003,6.7
100991,Cinta 24 Karat,Comedy,2003,3.2
100992,Eiffel I'm in Love,Drama,2003,6.1
100993,Kiamat Sudah Dekat,Comedy,2003,7.0
100994,Rumah Ketujuh,Comedy,2003,5.0
100995,Singa Karawang Bekasi,Drama,2003,6.1
100996,Tusuk Jelangkung,Horror,2003,6.0
100997,Untukmu,Drama,2003,6.2
100998,5 Sehat 4 Sempurna,Comedy,2002,6.0
100999,Aku Ingin Menciummu Sekali Saja,Comedy,2002,6.6
101000,Andai Ia Tahu,Comedy,2002,6.0
101001,Arwah yang Kembali,Drama,2002,5.8
101002,Bendera,Family,2002,7.1
101003,Beth,Drama,2002,6.1
101004,Ca-bau-kan,Drama,2002,7.4
101005,Eliana  Eliana,Drama,2002,6.8
101006,Kafir,Horror,2002,4.2
101007,Titik Hitam,Drama,2002,4.7
101008,What's Up with Love?,Drama,2002,7.8
101009,Jakarta Project,Null,2001,4.9
101010,Joshua Oh Joshua,Comedy,2001,6.4
101011,Marsinah,Drama,2001,7.5
101012,Pasir Berbisik,Drama,2001,7.2
101013,The Uninvited,Horror,2001,6.6
101014,Tragedi,Action,2001,4.1
101015,Viva Indonesia,Null,2001,7.2
101016,Petualangan Sherina,Adventure,2000,7.8
101017,Reinkarnasi,Action,2000,6.3
101018,Telegram,Drama,2000,6.1
101020,wakwaw,comedy,2020,5.5
101021,saluna,horor,2026,1.0
